<?xml version="1.0" encoding="UTF-8" standalone="yes"?>
<addon id="repository.Magnetic" name="Magnetic Repo" version="1.0.9" provider-name="1-cool-guy">
    <requires>
        <import addon="xbmc.addon" version="12.0.0"/>
    </requires>
    <extension point="xbmc.addon.repository" name="Magnetic Repo">
        <info compressed="false">https://magnetic.website/__zips/addons.xml</info>
        <checksum>https://magnetic.website/__zips/addons.xml.md5</checksum>
        <datadir zip="true">https://magnetic.website/__zips/</datadir>
        <hashes>false</hashes>
    </extension>
    <extension point="xbmc.addon.metadata">
        <summary>Official Magnetic Repository</summary>
        <description>Welcome to magnetic repo. Please enjoy</description>
        <platform>all</platform>
        <genre>movies,usa</genre>
        <assets>
            <icon>icon.png</icon>
        </assets>
    </extension>
</addon>
    
