<?xml version="1.0" encoding="UTF-8"?>
<addon
  id="inputstream.rtmp"
  version="0.0.1"
  name="RTMP Input"
  provider-name="spiff">
  <requires>
<import addon="kodi.binary.global.main" minversion="1.2.0" version="1.3.0"/>
<import addon="kodi.binary.global.general" minversion="1.0.4" version="1.0.5"/>
<import addon="kodi.binary.instance.inputstream" minversion="3.0.1" version="3.0.1"/></requires>
  <extension
    point="kodi.inputstream"
    name="rtmp"
    protocols="rtmp|rtmpt|rtmpe|rtmpte|rtmps"
    listitemprops="SWFPlayer|swfurl|PageURL|PlayPath|TcUrl|IsLive|swfvfy"
    library_linux="inputstream.rtmp.so"
    library_osx="inputstream.rtmp.dylib"
    library_ios="inputstream.rtmp-ios.dylib"
    library_android="libinputstream.rtmp.so"
    library_rbpi="inputstream.rtmp.armel.so"
    library_windx="inputstream.rtmp.dll"
    library_windows="inputstream.rtmp.dll" />
  <extension point="xbmc.addon.metadata">
    <summary lang="de_DE">Client für RTMP-Streams</summary>
    <summary lang="en_GB">Client for RTMP streams</summary>
    <description lang="de_DE">Das Real Time Messaging Protocol (RTMP) ist ein proprietäres Netzwerkprotokoll, das von Adobe Inc. entwickelt wurde, um Audio-, Video- und andere Daten über das Internet von einem Medienserver zu einem Flash Player zu übertragen.

Dieses Addon implementiert die RTMP-Streaming-Unterstützung für Kodi und installierte Add-Ons.</description>
    <description lang="en_GB">The Real Time Messaging Protocol (RTMP) is a proprietary network protocol developed by Adobe Inc. to transmit audio, video and other data over the Internet from a media server to a flash player.

This addon implements RTMP streaming support for Kodi and installed add-ons.</description>
    <platform>windows-x86_64</platform>
    <license>GPL-2.0-or-later</license>
    <source>https://github.com/xbmc/inputstream.rtmp</source>
    <assets>
      <icon>icon.png</icon>
    </assets>
    <news>v3.4.0
- Update: inputstream API 3.0.1
  - Fix wrong flags bit shift

v3.3.0
- Update inputstream API 3.0.0
- Fix and allow use of stream values:
  - SWFPlayer
  - swfurl (same as SWFPlayer)
  - PageURL
  - PlayPath
  - TcUrl
  - IsLive
  - swfvfy

v3.2.0
- Matrix API change inputstream API 2.3.4
- Add german translation
- Improve debian package build and add test to Travis CI

v3.1.1
- Bump verion for PPA build Global API 1.2.0 and inputstream API 2.3.1

v3.1.0
- Matrix API change inputstream API 2.3.1
- Matrix APi change Global API 1.2.0

v3.0.5
- Matrix API change to v2.3.0 - Re-release API change

v3.0.4
- Matrix API change to v2.3.0 - Pass mime type to inputstreams if available

v3.0.3
- Matrix API change to v2.2.0 - Allows upto 256 streams
    </news>
  </extension>
</addon>
